route,calculatorId,category,ownerState,sourceFiles,generatedFiles,testScope,contractFiles
/car-loan-calculators/auto-loan-calculator/,multiple-car-loan,loans,legacy-shared,public/calculators/car-loan-calculators/auto-loan-calculator/calculator.css | public/calculators/car-loan-calculators/auto-loan-calculator/explanation.html | public/calculators/car-loan-calculators/auto-loan-calculator/index.html | public/calculators/car-loan-calculators/auto-loan-calculator/module.js,public/assets/css/base.css | public/assets/css/core-tokens.css | public/assets/css/route-bundles/car-loan-calculators-auto-loan-calculator.critical.ca337210.css | public/assets/css/route-bundles/car-loan-calculators-auto-loan-calculator.f863ced4.css | public/assets/css/route-bundles/car-loan-calculators-auto-loan-calculator*.css | public/assets/css/route-bundles/manifest.json | public/assets/css/theme-premium-dark.css | public/car-loan-calculators/auto-loan-calculator/index.html,tests_specs/loans/multiple-car-loan_release/**,public/config/asset-manifest.json | public/config/navigation.json
/car-loan-calculators/car-lease-calculator/,leasing-calculator,loans,legacy-shared,public/calculators/car-loan-calculators/car-lease-calculator/calculator.css | public/calculators/car-loan-calculators/car-lease-calculator/explanation.html | public/calculators/car-loan-calculators/car-lease-calculator/index.html | public/calculators/car-loan-calculators/car-lease-calculator/module.js,public/assets/css/base.css | public/assets/css/core-tokens.css | public/assets/css/route-bundles/car-loan-calculators-car-lease-calculator.290f9185.css | public/assets/css/route-bundles/car-loan-calculators-car-lease-calculator.critical.777d8c26.css | public/assets/css/route-bundles/car-loan-calculators-car-lease-calculator*.css | public/assets/css/route-bundles/manifest.json | public/assets/css/theme-premium-dark.css | public/car-loan-calculators/car-lease-calculator/index.html,tests_specs/loans/leasing-calculator_release/**,public/config/asset-manifest.json | public/config/navigation.json
/car-loan-calculators/car-loan-calculator/,car-loan,loans,legacy-shared,public/calculators/car-loan-calculators/car-loan-calculator/calculator.css | public/calculators/car-loan-calculators/car-loan-calculator/explanation.html | public/calculators/car-loan-calculators/car-loan-calculator/index.html | public/calculators/car-loan-calculators/car-loan-calculator/module.js,public/assets/css/route-bundles/car-loan-calculators-car-loan-calculator.critical.f9ef802a.css | public/assets/css/route-bundles/car-loan-calculators-car-loan-calculator*.css | public/assets/css/route-bundles/manifest.json | public/car-loan-calculators/car-loan-calculator/index.html,tests_specs/loans/car-loan_release/**,public/config/asset-manifest.json | public/config/navigation.json
/car-loan-calculators/hire-purchase-calculator/,hire-purchase,loans,legacy-shared,public/calculators/car-loan-calculators/hire-purchase-calculator/calculator.css | public/calculators/car-loan-calculators/hire-purchase-calculator/explanation.html | public/calculators/car-loan-calculators/hire-purchase-calculator/index.html | public/calculators/car-loan-calculators/hire-purchase-calculator/module.js,public/assets/css/base.css | public/assets/css/core-tokens.css | public/assets/css/route-bundles/car-loan-calculators-hire-purchase-calculator.critical.ca337210.css | public/assets/css/route-bundles/car-loan-calculators-hire-purchase-calculator.e6cf9d8c.css | public/assets/css/route-bundles/car-loan-calculators-hire-purchase-calculator*.css | public/assets/css/route-bundles/manifest.json | public/assets/css/theme-premium-dark.css | public/car-loan-calculators/hire-purchase-calculator/index.html,tests_specs/loans/hire-purchase_release/**,public/config/asset-manifest.json | public/config/navigation.json
/car-loan-calculators/pcp-calculator/,pcp-calculator,loans,legacy-shared,public/calculators/car-loan-calculators/pcp-calculator/calculator.css | public/calculators/car-loan-calculators/pcp-calculator/explanation.html | public/calculators/car-loan-calculators/pcp-calculator/index.html | public/calculators/car-loan-calculators/pcp-calculator/module.js,public/assets/css/base.css | public/assets/css/core-tokens.css | public/assets/css/route-bundles/car-loan-calculators-pcp-calculator.1116a9e5.css | public/assets/css/route-bundles/car-loan-calculators-pcp-calculator.critical.bc2b4a1a.css | public/assets/css/route-bundles/car-loan-calculators-pcp-calculator*.css | public/assets/css/route-bundles/manifest.json | public/assets/css/theme-premium-dark.css | public/car-loan-calculators/pcp-calculator/index.html,tests_specs/loans/pcp-calculator_release/**,public/config/asset-manifest.json | public/config/navigation.json
/credit-card-calculators/balance-transfer-credit-card-calculator/,balance-transfer-installment-plan,loans,legacy-shared,public/calculators/credit-card-calculators/balance-transfer-credit-card-calculator/calculator.css | public/calculators/credit-card-calculators/balance-transfer-credit-card-calculator/explanation.html | public/calculators/credit-card-calculators/balance-transfer-credit-card-calculator/index.html | public/calculators/credit-card-calculators/balance-transfer-credit-card-calculator/module.js,public/assets/css/base.css | public/assets/css/core-tokens.css | public/assets/css/route-bundles/credit-card-calculators-balance-transfer-credit-card-calculator.19dde28c.css | public/assets/css/route-bundles/credit-card-calculators-balance-transfer-credit-card-calculator.critical.4b7f15ca.css | public/assets/css/route-bundles/credit-card-calculators-balance-transfer-credit-card-calculator*.css | public/assets/css/route-bundles/manifest.json | public/assets/css/theme-premium-dark.css | public/credit-card-calculators/balance-transfer-credit-card-calculator/index.html,tests_specs/credit-cards/balance-transfer-installment-plan_release/**,public/config/asset-manifest.json | public/config/navigation.json
/credit-card-calculators/credit-card-consolidation-calculator/,credit-card-consolidation,loans,legacy-shared,public/calculators/credit-card-calculators/credit-card-consolidation-calculator/calculator.css | public/calculators/credit-card-calculators/credit-card-consolidation-calculator/explanation.html | public/calculators/credit-card-calculators/credit-card-consolidation-calculator/index.html | public/calculators/credit-card-calculators/credit-card-consolidation-calculator/module.js,public/assets/css/base.css | public/assets/css/core-tokens.css | public/assets/css/route-bundles/credit-card-calculators-credit-card-consolidation-calculator.1452711e.css | public/assets/css/route-bundles/credit-card-calculators-credit-card-consolidation-calculator.critical.b012e7db.css | public/assets/css/route-bundles/credit-card-calculators-credit-card-consolidation-calculator*.css | public/assets/css/route-bundles/manifest.json | public/assets/css/theme-premium-dark.css | public/credit-card-calculators/credit-card-consolidation-calculator/index.html,tests_specs/credit-cards/credit-card-consolidation_release/**,public/config/asset-manifest.json | public/config/navigation.json
/credit-card-calculators/credit-card-minimum-payment-calculator/,credit-card-minimum-payment,loans,legacy-shared,public/calculators/credit-card-calculators/credit-card-minimum-payment-calculator/calculator.css | public/calculators/credit-card-calculators/credit-card-minimum-payment-calculator/explanation.html | public/calculators/credit-card-calculators/credit-card-minimum-payment-calculator/index.html | public/calculators/credit-card-calculators/credit-card-minimum-payment-calculator/module.js,public/assets/css/base.css | public/assets/css/core-tokens.css | public/assets/css/route-bundles/credit-card-calculators-credit-card-minimum-payment-calculator.81e81f4a.css | public/assets/css/route-bundles/credit-card-calculators-credit-card-minimum-payment-calculator.critical.f2bb947a.css | public/assets/css/route-bundles/credit-card-calculators-credit-card-minimum-payment-calculator*.css | public/assets/css/route-bundles/manifest.json | public/assets/css/theme-premium-dark.css | public/credit-card-calculators/credit-card-minimum-payment-calculator/index.html,tests_specs/credit-cards/credit-card-minimum-payment_release/**,public/config/asset-manifest.json | public/config/navigation.json
/credit-card-calculators/credit-card-payment-calculator/,credit-card-repayment-payoff,loans,legacy-shared,public/calculators/credit-card-calculators/credit-card-payment-calculator/calculator.css | public/calculators/credit-card-calculators/credit-card-payment-calculator/explanation.html | public/calculators/credit-card-calculators/credit-card-payment-calculator/index.html | public/calculators/credit-card-calculators/credit-card-payment-calculator/module.js,public/assets/css/base.css | public/assets/css/core-tokens.css | public/assets/css/route-bundles/credit-card-calculators-credit-card-payment-calculator.critical.b73eacca.css | public/assets/css/route-bundles/credit-card-calculators-credit-card-payment-calculator.e0ede983.css | public/assets/css/route-bundles/credit-card-calculators-credit-card-payment-calculator*.css | public/assets/css/route-bundles/manifest.json | public/assets/css/theme-premium-dark.css | public/credit-card-calculators/credit-card-payment-calculator/index.html,tests_specs/credit-cards/credit-card-repayment-payoff_release/**,public/config/asset-manifest.json | public/config/navigation.json
/finance-calculators/compound-interest-calculator/,compound-interest,finance,legacy-shared,content/calculators/finance-calculators/compound-interest-calculator/explanation.html | content/calculators/finance-calculators/compound-interest-calculator/index.html | public/assets/css/calculators/finance-calculators/compound-interest-calculator/calculator.css | public/assets/js/calculators/finance-calculators/compound-interest-calculator/module.js,public/assets/css/route-bundles/finance-calculators-compound-interest-calculator*.css | public/assets/css/route-bundles/manifest.json | public/finance-calculators/compound-interest-calculator/index.html,tests_specs/finance/compound-interest_release/**,public/config/asset-manifest.json | public/config/navigation.json
/finance-calculators/effective-annual-rate-calculator/,effective-annual-rate,finance,legacy-shared,content/calculators/finance-calculators/effective-annual-rate-calculator/explanation.html | content/calculators/finance-calculators/effective-annual-rate-calculator/index.html | public/assets/css/calculators/finance-calculators/effective-annual-rate-calculator/calculator.css | public/assets/js/calculators/finance-calculators/effective-annual-rate-calculator/module.js,public/assets/css/route-bundles/finance-calculators-effective-annual-rate-calculator*.css | public/assets/css/route-bundles/manifest.json | public/finance-calculators/effective-annual-rate-calculator/index.html,tests_specs/finance/effective-annual-rate_release/**,public/config/asset-manifest.json | public/config/navigation.json
/finance-calculators/future-value-calculator/,future-value,finance,legacy-shared,content/calculators/finance-calculators/future-value-calculator/explanation.html | content/calculators/finance-calculators/future-value-calculator/index.html | public/assets/css/calculators/finance-calculators/future-value-calculator/calculator.css | public/assets/js/calculators/finance-calculators/future-value-calculator/module.js,public/assets/css/route-bundles/finance-calculators-future-value-calculator*.css | public/assets/css/route-bundles/manifest.json | public/finance-calculators/future-value-calculator/index.html,tests_specs/finance/future-value_release/**,public/config/asset-manifest.json | public/config/navigation.json
/finance-calculators/future-value-of-annuity-calculator/,future-value-of-annuity,finance,legacy-shared,content/calculators/finance-calculators/future-value-of-annuity-calculator/explanation.html | content/calculators/finance-calculators/future-value-of-annuity-calculator/index.html | public/assets/css/calculators/finance-calculators/future-value-of-annuity-calculator/calculator.css | public/assets/js/calculators/finance-calculators/future-value-of-annuity-calculator/module.js,public/assets/css/route-bundles/finance-calculators-future-value-of-annuity-calculator*.css | public/assets/css/route-bundles/manifest.json | public/finance-calculators/future-value-of-annuity-calculator/index.html,tests_specs/finance/future-value-of-annuity_release/**,public/config/asset-manifest.json | public/config/navigation.json
/finance-calculators/investment-growth-calculator/,investment-growth,finance,legacy-shared,content/calculators/finance-calculators/investment-growth-calculator/explanation.html | content/calculators/finance-calculators/investment-growth-calculator/index.html | public/assets/css/calculators/finance-calculators/investment-growth-calculator/calculator.css | public/assets/js/calculators/finance-calculators/investment-growth-calculator/module.js,public/assets/css/route-bundles/finance-calculators-investment-growth-calculator*.css | public/assets/css/route-bundles/manifest.json | public/finance-calculators/investment-growth-calculator/index.html,tests_specs/finance/investment-growth_release/**,public/config/asset-manifest.json | public/config/navigation.json
/finance-calculators/investment-return-calculator/,investment-return,finance,legacy-shared,content/calculators/finance-calculators/investment-return-calculator/explanation.html | content/calculators/finance-calculators/investment-return-calculator/index.html | public/assets/css/calculators/finance-calculators/investment-return-calculator/calculator.css | public/assets/js/calculators/finance-calculators/investment-return-calculator/module.js,public/assets/css/route-bundles/finance-calculators-investment-return-calculator*.css | public/assets/css/route-bundles/manifest.json | public/finance-calculators/investment-return-calculator/index.html,tests_specs/finance/investment-return_release/**,public/config/asset-manifest.json | public/config/navigation.json
/finance-calculators/monthly-savings-needed-calculator/,monthly-savings-needed,finance,legacy-shared,content/calculators/finance-calculators/monthly-savings-needed-calculator/explanation.html | content/calculators/finance-calculators/monthly-savings-needed-calculator/index.html | public/assets/css/calculators/finance-calculators/monthly-savings-needed-calculator/calculator.css | public/assets/js/calculators/finance-calculators/monthly-savings-needed-calculator/module.js,public/assets/css/route-bundles/finance-calculators-monthly-savings-needed-calculator*.css | public/assets/css/route-bundles/manifest.json | public/finance-calculators/monthly-savings-needed-calculator/index.html,tests_specs/finance/monthly-savings-needed_release/**,public/config/asset-manifest.json | public/config/navigation.json
/finance-calculators/present-value-calculator/,present-value,finance,legacy-shared,content/calculators/finance-calculators/present-value-calculator/explanation.html | content/calculators/finance-calculators/present-value-calculator/index.html | public/assets/css/calculators/finance-calculators/present-value-calculator/calculator.css | public/assets/js/calculators/finance-calculators/present-value-calculator/module.js,public/assets/css/route-bundles/finance-calculators-present-value-calculator*.css | public/assets/css/route-bundles/manifest.json | public/finance-calculators/present-value-calculator/index.html,tests_specs/finance/present-value_release/**,public/config/asset-manifest.json | public/config/navigation.json
/finance-calculators/present-value-of-annuity-calculator/,present-value-of-annuity,finance,legacy-shared,content/calculators/finance-calculators/present-value-of-annuity-calculator/explanation.html | content/calculators/finance-calculators/present-value-of-annuity-calculator/index.html | public/assets/css/calculators/finance-calculators/present-value-of-annuity-calculator/calculator.css | public/assets/js/calculators/finance-calculators/present-value-of-annuity-calculator/module.js,public/assets/css/route-bundles/finance-calculators-present-value-of-annuity-calculator*.css | public/assets/css/route-bundles/manifest.json | public/finance-calculators/present-value-of-annuity-calculator/index.html,tests_specs/finance/present-value-of-annuity_release/**,public/config/asset-manifest.json | public/config/navigation.json
/finance-calculators/simple-interest-calculator/,simple-interest,finance,legacy-shared,content/calculators/finance-calculators/simple-interest-calculator/explanation.html | content/calculators/finance-calculators/simple-interest-calculator/index.html | public/assets/css/calculators/finance-calculators/simple-interest-calculator/calculator.css | public/assets/js/calculators/finance-calculators/simple-interest-calculator/module.js,public/assets/css/route-bundles/finance-calculators-simple-interest-calculator*.css | public/assets/css/route-bundles/manifest.json | public/finance-calculators/simple-interest-calculator/index.html,tests_specs/finance/simple-interest_release/**,public/config/asset-manifest.json | public/config/navigation.json
/finance-calculators/time-to-savings-goal-calculator/,time-to-savings-goal,finance,legacy-shared,content/calculators/finance-calculators/time-to-savings-goal-calculator/explanation.html | content/calculators/finance-calculators/time-to-savings-goal-calculator/index.html | public/assets/css/calculators/finance-calculators/time-to-savings-goal-calculator/calculator.css | public/assets/js/calculators/finance-calculators/time-to-savings-goal-calculator/module.js,public/assets/css/route-bundles/finance-calculators-time-to-savings-goal-calculator*.css | public/assets/css/route-bundles/manifest.json | public/finance-calculators/time-to-savings-goal-calculator/index.html,tests_specs/finance/time-to-savings-goal_release/**,public/config/asset-manifest.json | public/config/navigation.json
/loan-calculators/buy-to-let-mortgage-calculator/,buy-to-let,loans,legacy-shared,public/calculators/loan-calculators/buy-to-let-mortgage-calculator/calculator.css | public/calculators/loan-calculators/buy-to-let-mortgage-calculator/explanation.html | public/calculators/loan-calculators/buy-to-let-mortgage-calculator/index.html | public/calculators/loan-calculators/buy-to-let-mortgage-calculator/module.js,public/assets/css/route-bundles/loan-calculators-buy-to-let-mortgage-calculator.1641a5d3.css | public/assets/css/route-bundles/loan-calculators-buy-to-let-mortgage-calculator.critical.9ecf3f86.css | public/assets/css/route-bundles/loan-calculators-buy-to-let-mortgage-calculator*.css | public/assets/css/route-bundles/manifest.json | public/loan-calculators/buy-to-let-mortgage-calculator/index.html,tests_specs/loans/buy-to-let_release/**,public/config/asset-manifest.json | public/config/navigation.json
/loan-calculators/how-much-can-i-borrow/,how-much-can-i-borrow,loans,legacy-shared,public/calculators/loan-calculators/how-much-can-i-borrow/calculator.css | public/calculators/loan-calculators/how-much-can-i-borrow/explanation.html | public/calculators/loan-calculators/how-much-can-i-borrow/index.html | public/calculators/loan-calculators/how-much-can-i-borrow/module.js,public/assets/css/route-bundles/loan-calculators-how-much-can-i-borrow.critical.bbacbc75.css | public/assets/css/route-bundles/loan-calculators-how-much-can-i-borrow.f312083c.css | public/assets/css/route-bundles/loan-calculators-how-much-can-i-borrow*.css | public/assets/css/route-bundles/manifest.json | public/loan-calculators/how-much-can-i-borrow/index.html,tests_specs/loans/how-much-can-i-borrow_release/**,public/config/asset-manifest.json | public/config/navigation.json
/loan-calculators/interest-rate-change-calculator/,interest-rate-change-calculator,loans,legacy-shared,public/calculators/loan-calculators/interest-rate-change-calculator/calculator.css | public/calculators/loan-calculators/interest-rate-change-calculator/explanation.html | public/calculators/loan-calculators/interest-rate-change-calculator/index.html | public/calculators/loan-calculators/interest-rate-change-calculator/module.js,public/assets/css/route-bundles/loan-calculators-interest-rate-change-calculator.2ae11e98.css | public/assets/css/route-bundles/loan-calculators-interest-rate-change-calculator.critical.776a862b.css | public/assets/css/route-bundles/loan-calculators-interest-rate-change-calculator*.css | public/assets/css/route-bundles/manifest.json | public/loan-calculators/interest-rate-change-calculator/index.html,tests_specs/loans/interest-rate-change-calculator_release/**,public/config/asset-manifest.json | public/config/navigation.json
/loan-calculators/ltv-calculator/,loan-to-value,loans,legacy-shared,public/calculators/loan-calculators/ltv-calculator/calculator.css | public/calculators/loan-calculators/ltv-calculator/explanation.html | public/calculators/loan-calculators/ltv-calculator/index.html | public/calculators/loan-calculators/ltv-calculator/module.js,public/assets/css/route-bundles/loan-calculators-ltv-calculator.5e856429.css | public/assets/css/route-bundles/loan-calculators-ltv-calculator.critical.ae908fc4.css | public/assets/css/route-bundles/loan-calculators-ltv-calculator*.css | public/assets/css/route-bundles/manifest.json | public/loan-calculators/ltv-calculator/index.html,tests_specs/loans/loan-to-value_release/**,public/config/asset-manifest.json | public/config/navigation.json
/loan-calculators/mortgage-calculator/,home-loan,loans,legacy-shared,public/calculators/loan-calculators/mortgage-calculator/calculator.css | public/calculators/loan-calculators/mortgage-calculator/explanation.html | public/calculators/loan-calculators/mortgage-calculator/index.html | public/calculators/loan-calculators/mortgage-calculator/module.js,public/assets/css/route-bundles/loan-calculators-mortgage-calculator*.css | public/assets/css/route-bundles/manifest.json | public/loan-calculators/mortgage-calculator/index.html,tests_specs/loans/home-loan_release/**,public/config/asset-manifest.json | public/config/navigation.json
/loan-calculators/offset-mortgage-calculator/,offset-calculator,loans,legacy-shared,public/calculators/loan-calculators/offset-mortgage-calculator/calculator.css | public/calculators/loan-calculators/offset-mortgage-calculator/explanation.html | public/calculators/loan-calculators/offset-mortgage-calculator/index.html | public/calculators/loan-calculators/offset-mortgage-calculator/module.js,public/assets/css/route-bundles/loan-calculators-offset-mortgage-calculator.6696704c.css | public/assets/css/route-bundles/loan-calculators-offset-mortgage-calculator.critical.543b0995.css | public/assets/css/route-bundles/loan-calculators-offset-mortgage-calculator*.css | public/assets/css/route-bundles/manifest.json | public/loan-calculators/offset-mortgage-calculator/index.html,tests_specs/loans/offset-calculator_release/**,public/config/asset-manifest.json | public/config/navigation.json
/loan-calculators/personal-loan-calculator/,personal-loan,loans,legacy-shared,public/calculators/loan-calculators/personal-loan-calculator/calculator.css | public/calculators/loan-calculators/personal-loan-calculator/explanation.html | public/calculators/loan-calculators/personal-loan-calculator/index.html | public/calculators/loan-calculators/personal-loan-calculator/module.js,public/assets/css/base.css | public/assets/css/core-tokens.css | public/assets/css/route-bundles/loan-calculators-personal-loan-calculator.1ad093dd.css | public/assets/css/route-bundles/loan-calculators-personal-loan-calculator.critical.96f0a5bb.css | public/assets/css/route-bundles/loan-calculators-personal-loan-calculator*.css | public/assets/css/route-bundles/manifest.json | public/assets/css/theme-premium-dark.css | public/loan-calculators/personal-loan-calculator/index.html,tests_specs/loans/personal-loan_release/**,public/config/asset-manifest.json | public/config/navigation.json
/loan-calculators/remortgage-calculator/,remortgage-switching,loans,legacy-shared,public/calculators/loan-calculators/remortgage-calculator/calculator.css | public/calculators/loan-calculators/remortgage-calculator/explanation.html | public/calculators/loan-calculators/remortgage-calculator/index.html | public/calculators/loan-calculators/remortgage-calculator/module.js,public/assets/css/route-bundles/loan-calculators-remortgage-calculator.critical.0c02b150.css | public/assets/css/route-bundles/loan-calculators-remortgage-calculator.f7b234f8.css | public/assets/css/route-bundles/loan-calculators-remortgage-calculator*.css | public/assets/css/route-bundles/manifest.json | public/loan-calculators/remortgage-calculator/index.html,tests_specs/loans/remortgage-switching_release/**,public/config/asset-manifest.json | public/config/navigation.json
/math/algebra/factoring/,factoring,math,legacy-shared,public/calculators/math/algebra/factoring/calculator.css | public/calculators/math/algebra/factoring/explanation.html | public/calculators/math/algebra/factoring/index.html | public/calculators/math/algebra/factoring/module.js,public/assets/css/route-bundles/manifest.json | public/assets/css/route-bundles/math-algebra-factoring*.css | public/math/algebra/factoring/index.html,tests_specs/math/factoring_release/**,public/config/asset-manifest.json | public/config/navigation.json
/math/algebra/polynomial-operations/,polynomial-operations,math,legacy-shared,public/calculators/math/algebra/polynomial-operations/calculator.css | public/calculators/math/algebra/polynomial-operations/explanation.html | public/calculators/math/algebra/polynomial-operations/index.html | public/calculators/math/algebra/polynomial-operations/module.js,public/assets/css/route-bundles/manifest.json | public/assets/css/route-bundles/math-algebra-polynomial-operations*.css | public/math/algebra/polynomial-operations/index.html,tests_specs/math/polynomial-operations_release/**,public/config/asset-manifest.json | public/config/navigation.json
/math/algebra/quadratic-equation/,quadratic-equation,math,legacy-shared,public/calculators/math/algebra/quadratic-equation/calculator.css | public/calculators/math/algebra/quadratic-equation/explanation.html | public/calculators/math/algebra/quadratic-equation/index.html | public/calculators/math/algebra/quadratic-equation/module.js,public/assets/css/route-bundles/manifest.json | public/assets/css/route-bundles/math-algebra-quadratic-equation*.css | public/math/algebra/quadratic-equation/index.html,tests_specs/math/quadratic-equation_release/**,public/config/asset-manifest.json | public/config/navigation.json
/math/algebra/slope-distance/,slope-distance,math,legacy-shared,public/calculators/math/algebra/slope-distance/calculator.css | public/calculators/math/algebra/slope-distance/explanation.html | public/calculators/math/algebra/slope-distance/index.html | public/calculators/math/algebra/slope-distance/module.js,public/assets/css/route-bundles/manifest.json | public/assets/css/route-bundles/math-algebra-slope-distance*.css | public/math/algebra/slope-distance/index.html,tests_specs/math/slope-distance_release/**,public/config/asset-manifest.json | public/config/navigation.json
/math/algebra/system-of-equations/,system-of-equations,math,legacy-shared,public/calculators/math/algebra/system-of-equations/calculator.css | public/calculators/math/algebra/system-of-equations/explanation.html | public/calculators/math/algebra/system-of-equations/index.html | public/calculators/math/algebra/system-of-equations/module.js,public/assets/css/route-bundles/manifest.json | public/assets/css/route-bundles/math-algebra-system-of-equations*.css | public/math/algebra/system-of-equations/index.html,tests_specs/math/system-of-equations_release/**,public/config/asset-manifest.json | public/config/navigation.json
/math/basic/,basic,math,legacy-shared,public/calculators/math/basic/calculator.css | public/calculators/math/basic/explanation.html | public/calculators/math/basic/index.html | public/calculators/math/basic/module.js,public/assets/css/route-bundles/manifest.json | public/assets/css/route-bundles/math-basic*.css | public/math/basic/index.html,tests_specs/math/basic_release/**,public/config/asset-manifest.json | public/config/navigation.json
/math/calculus/critical-points/,critical-points,math,legacy-shared,public/calculators/math/calculus/critical-points/calculator.css | public/calculators/math/calculus/critical-points/explanation.html | public/calculators/math/calculus/critical-points/index.html | public/calculators/math/calculus/critical-points/module.js,public/assets/css/route-bundles/manifest.json | public/assets/css/route-bundles/math-calculus-critical-points*.css | public/math/calculus/critical-points/index.html,tests_specs/math/critical-points_release/**,public/config/asset-manifest.json | public/config/navigation.json
/math/calculus/derivative/,derivative,math,legacy-shared,public/calculators/math/calculus/derivative/calculator.css | public/calculators/math/calculus/derivative/explanation.html | public/calculators/math/calculus/derivative/index.html | public/calculators/math/calculus/derivative/module.js,public/assets/css/route-bundles/manifest.json | public/assets/css/route-bundles/math-calculus-derivative*.css | public/math/calculus/derivative/index.html,tests_specs/math/derivative_release/**,public/config/asset-manifest.json | public/config/navigation.json
/math/calculus/integral/,integral,math,legacy-shared,public/calculators/math/calculus/integral/calculator.css | public/calculators/math/calculus/integral/explanation.html | public/calculators/math/calculus/integral/index.html | public/calculators/math/calculus/integral/module.js,public/assets/css/route-bundles/manifest.json | public/assets/css/route-bundles/math-calculus-integral*.css | public/math/calculus/integral/index.html,tests_specs/math/integral_release/**,public/config/asset-manifest.json | public/config/navigation.json
/math/calculus/limit/,limit,math,legacy-shared,public/calculators/math/calculus/limit/calculator.css | public/calculators/math/calculus/limit/explanation.html | public/calculators/math/calculus/limit/index.html | public/calculators/math/calculus/limit/module.js,public/assets/css/route-bundles/manifest.json | public/assets/css/route-bundles/math-calculus-limit*.css | public/math/calculus/limit/index.html,tests_specs/math/limit_release/**,public/config/asset-manifest.json | public/config/navigation.json
/math/calculus/series-convergence/,series-convergence,math,legacy-shared,public/calculators/math/calculus/series-convergence/calculator.css | public/calculators/math/calculus/series-convergence/explanation.html | public/calculators/math/calculus/series-convergence/index.html | public/calculators/math/calculus/series-convergence/module.js,public/assets/css/route-bundles/manifest.json | public/assets/css/route-bundles/math-calculus-series-convergence*.css | public/math/calculus/series-convergence/index.html,tests_specs/math/series-convergence_release/**,public/config/asset-manifest.json | public/config/navigation.json
/math/confidence-interval/,confidence-interval,math,legacy-shared,public/calculators/math/confidence-interval/calculator.css | public/calculators/math/confidence-interval/explanation.html | public/calculators/math/confidence-interval/index.html | public/calculators/math/confidence-interval/module.js,public/assets/css/route-bundles/manifest.json | public/assets/css/route-bundles/math-confidence-interval*.css | public/math/confidence-interval/index.html,tests_specs/math/confidence-interval_release/**,public/config/asset-manifest.json | public/config/navigation.json
/math/fraction-calculator/,fraction-calculator,math,legacy-shared,public/calculators/math/fraction-calculator/calculator.css | public/calculators/math/fraction-calculator/explanation.html | public/calculators/math/fraction-calculator/index.html | public/calculators/math/fraction-calculator/module.js,public/assets/css/route-bundles/manifest.json | public/assets/css/route-bundles/math-fraction-calculator*.css | public/math/fraction-calculator/index.html,tests_specs/math/fraction-calculator_release/**,public/config/asset-manifest.json | public/config/navigation.json
/math/log/common-log/,common-log,math,legacy-shared,public/calculators/math/log/common-log/calculator.css | public/calculators/math/log/common-log/explanation.html | public/calculators/math/log/common-log/index.html | public/calculators/math/log/common-log/module.js,public/assets/css/route-bundles/manifest.json | public/assets/css/route-bundles/math-log-common-log*.css | public/math/log/common-log/index.html,tests_specs/math/common-log_release/**,public/config/asset-manifest.json | public/config/navigation.json
/math/log/exponential-equations/,exponential-equations,math,legacy-shared,public/calculators/math/log/exponential-equations/calculator.css | public/calculators/math/log/exponential-equations/explanation.html | public/calculators/math/log/exponential-equations/index.html | public/calculators/math/log/exponential-equations/module.js,public/assets/css/route-bundles/manifest.json | public/assets/css/route-bundles/math-log-exponential-equations*.css | public/math/log/exponential-equations/index.html,tests_specs/math/exponential-equations_release/**,public/config/asset-manifest.json | public/config/navigation.json
/math/log/log-properties/,log-properties,math,legacy-shared,public/calculators/math/log/log-properties/calculator.css | public/calculators/math/log/log-properties/explanation.html | public/calculators/math/log/log-properties/index.html | public/calculators/math/log/log-properties/module.js,public/assets/css/route-bundles/manifest.json | public/assets/css/route-bundles/math-log-log-properties*.css | public/math/log/log-properties/index.html,tests_specs/math/log-properties_release/**,public/config/asset-manifest.json | public/config/navigation.json
/math/log/log-scale/,log-scale,math,legacy-shared,public/calculators/math/log/log-scale/calculator.css | public/calculators/math/log/log-scale/explanation.html | public/calculators/math/log/log-scale/index.html | public/calculators/math/log/log-scale/module.js,public/assets/css/route-bundles/manifest.json | public/assets/css/route-bundles/math-log-log-scale*.css | public/math/log/log-scale/index.html,tests_specs/math/log-scale_release/**,public/config/asset-manifest.json | public/config/navigation.json
/math/log/natural-log/,natural-log,math,legacy-shared,public/calculators/math/log/natural-log/calculator.css | public/calculators/math/log/natural-log/explanation.html | public/calculators/math/log/natural-log/index.html | public/calculators/math/log/natural-log/module.js,public/assets/css/route-bundles/manifest.json | public/assets/css/route-bundles/math-log-natural-log*.css | public/math/log/natural-log/index.html,tests_specs/math/natural-log_release/**,public/config/asset-manifest.json | public/config/navigation.json
/math/mean-median-mode-range/,mean-median-mode-range,math,legacy-shared,public/calculators/math/mean-median-mode-range/calculator.css | public/calculators/math/mean-median-mode-range/explanation.html | public/calculators/math/mean-median-mode-range/index.html | public/calculators/math/mean-median-mode-range/module.js,public/assets/css/route-bundles/manifest.json | public/assets/css/route-bundles/math-mean-median-mode-range*.css | public/math/mean-median-mode-range/index.html,tests_specs/math/mean-median-mode-range_release/**,public/config/asset-manifest.json | public/config/navigation.json
/math/number-sequence/,number-sequence,math,legacy-shared,public/calculators/math/number-sequence/calculator.css | public/calculators/math/number-sequence/explanation.html | public/calculators/math/number-sequence/index.html | public/calculators/math/number-sequence/module.js,public/assets/css/route-bundles/manifest.json | public/assets/css/route-bundles/math-number-sequence*.css | public/math/number-sequence/index.html,tests_specs/math/number-sequence_release/**,public/config/asset-manifest.json | public/config/navigation.json
/math/permutation-combination/,permutation-combination,math,legacy-shared,public/calculators/math/permutation-combination/calculator.css | public/calculators/math/permutation-combination/explanation.html | public/calculators/math/permutation-combination/index.html | public/calculators/math/permutation-combination/module.js,public/assets/css/route-bundles/manifest.json | public/assets/css/route-bundles/math-permutation-combination*.css | public/math/permutation-combination/index.html,tests_specs/math/permutation-combination_release/**,public/config/asset-manifest.json | public/config/navigation.json
/math/probability/,probability,math,legacy-shared,public/calculators/math/probability/calculator.css | public/calculators/math/probability/explanation.html | public/calculators/math/probability/index.html | public/calculators/math/probability/module.js,public/assets/css/route-bundles/manifest.json | public/assets/css/route-bundles/math-probability*.css | public/math/probability/index.html,tests_specs/math/probability_release/**,public/config/asset-manifest.json | public/config/navigation.json
/math/sample-size/,sample-size,math,legacy-shared,public/calculators/math/sample-size/calculator.css | public/calculators/math/sample-size/explanation.html | public/calculators/math/sample-size/index.html | public/calculators/math/sample-size/module.js,public/assets/css/route-bundles/manifest.json | public/assets/css/route-bundles/math-sample-size*.css | public/math/sample-size/index.html,tests_specs/math/sample-size_release/**,public/config/asset-manifest.json | public/config/navigation.json
/math/standard-deviation/,standard-deviation,math,legacy-shared,public/calculators/math/standard-deviation/calculator.css | public/calculators/math/standard-deviation/explanation.html | public/calculators/math/standard-deviation/index.html | public/calculators/math/standard-deviation/module.js,public/assets/css/route-bundles/manifest.json | public/assets/css/route-bundles/math-standard-deviation*.css | public/math/standard-deviation/index.html,tests_specs/math/standard-deviation_release/**,public/config/asset-manifest.json | public/config/navigation.json
/math/statistics/,statistics,math,legacy-shared,public/calculators/math/statistics/calculator.css | public/calculators/math/statistics/explanation.html | public/calculators/math/statistics/index.html | public/calculators/math/statistics/module.js,public/assets/css/route-bundles/manifest.json | public/assets/css/route-bundles/math-statistics*.css | public/math/statistics/index.html,tests_specs/math/statistics_release/**,public/config/asset-manifest.json | public/config/navigation.json
/math/statistics/anova/,anova,math,legacy-shared,public/calculators/math/statistics/anova/calculator.css | public/calculators/math/statistics/anova/explanation.html | public/calculators/math/statistics/anova/index.html | public/calculators/math/statistics/anova/module.js,public/assets/css/route-bundles/manifest.json | public/assets/css/route-bundles/math-statistics-anova*.css | public/math/statistics/anova/index.html,tests_specs/math/anova_release/**,public/config/asset-manifest.json | public/config/navigation.json
/math/statistics/correlation/,correlation,math,legacy-shared,public/calculators/math/statistics/correlation/calculator.css | public/calculators/math/statistics/correlation/explanation.html | public/calculators/math/statistics/correlation/index.html | public/calculators/math/statistics/correlation/module.js,public/assets/css/route-bundles/manifest.json | public/assets/css/route-bundles/math-statistics-correlation*.css | public/math/statistics/correlation/index.html,tests_specs/math/correlation_release/**,public/config/asset-manifest.json | public/config/navigation.json
/math/statistics/distribution/,distribution,math,legacy-shared,public/calculators/math/statistics/distribution/calculator.css | public/calculators/math/statistics/distribution/explanation.html | public/calculators/math/statistics/distribution/index.html | public/calculators/math/statistics/distribution/module.js,public/assets/css/route-bundles/manifest.json | public/assets/css/route-bundles/math-statistics-distribution*.css | public/math/statistics/distribution/index.html,tests_specs/math/distribution_release/**,public/config/asset-manifest.json | public/config/navigation.json
/math/statistics/hypothesis-testing/,hypothesis-testing,math,legacy-shared,public/calculators/math/statistics/hypothesis-testing/calculator.css | public/calculators/math/statistics/hypothesis-testing/explanation.html | public/calculators/math/statistics/hypothesis-testing/index.html | public/calculators/math/statistics/hypothesis-testing/module.js,public/assets/css/route-bundles/manifest.json | public/assets/css/route-bundles/math-statistics-hypothesis-testing*.css | public/math/statistics/hypothesis-testing/index.html,tests_specs/math/hypothesis-testing_release/**,public/config/asset-manifest.json | public/config/navigation.json
/math/statistics/regression-analysis/,regression-analysis,math,legacy-shared,public/calculators/math/statistics/regression-analysis/calculator.css | public/calculators/math/statistics/regression-analysis/explanation.html | public/calculators/math/statistics/regression-analysis/index.html | public/calculators/math/statistics/regression-analysis/module.js,public/assets/css/route-bundles/manifest.json | public/assets/css/route-bundles/math-statistics-regression-analysis*.css | public/math/statistics/regression-analysis/index.html,tests_specs/math/regression-analysis_release/**,public/config/asset-manifest.json | public/config/navigation.json
/math/trigonometry/inverse-trig/,inverse-trig,math,legacy-shared,public/calculators/math/trigonometry/inverse-trig/calculator.css | public/calculators/math/trigonometry/inverse-trig/explanation.html | public/calculators/math/trigonometry/inverse-trig/index.html | public/calculators/math/trigonometry/inverse-trig/module.js,public/assets/css/route-bundles/manifest.json | public/assets/css/route-bundles/math-trigonometry-inverse-trig*.css | public/math/trigonometry/inverse-trig/index.html,tests_specs/math/inverse-trig_release/**,public/config/asset-manifest.json | public/config/navigation.json
/math/trigonometry/law-of-sines-cosines/,law-of-sines-cosines,math,legacy-shared,public/calculators/math/trigonometry/law-of-sines-cosines/calculator.css | public/calculators/math/trigonometry/law-of-sines-cosines/explanation.html | public/calculators/math/trigonometry/law-of-sines-cosines/index.html | public/calculators/math/trigonometry/law-of-sines-cosines/module.js,public/assets/css/route-bundles/manifest.json | public/assets/css/route-bundles/math-trigonometry-law-of-sines-cosines*.css | public/math/trigonometry/law-of-sines-cosines/index.html,tests_specs/math/law-of-sines-cosines_release/**,public/config/asset-manifest.json | public/config/navigation.json
/math/trigonometry/triangle-solver/,triangle-solver,math,legacy-shared,public/calculators/math/trigonometry/triangle-solver/calculator.css | public/calculators/math/trigonometry/triangle-solver/explanation.html | public/calculators/math/trigonometry/triangle-solver/index.html | public/calculators/math/trigonometry/triangle-solver/module.js,public/assets/css/route-bundles/manifest.json | public/assets/css/route-bundles/math-trigonometry-triangle-solver*.css | public/math/trigonometry/triangle-solver/index.html,tests_specs/math/triangle-solver_release/**,public/config/asset-manifest.json | public/config/navigation.json
/math/trigonometry/trig-functions/,trig-functions,math,legacy-shared,public/calculators/math/trigonometry/trig-functions/calculator.css | public/calculators/math/trigonometry/trig-functions/explanation.html | public/calculators/math/trigonometry/trig-functions/index.html | public/calculators/math/trigonometry/trig-functions/module.js,public/assets/css/route-bundles/manifest.json | public/assets/css/route-bundles/math-trigonometry-trig-functions*.css | public/math/trigonometry/trig-functions/index.html,tests_specs/math/trig-functions_release/**,public/config/asset-manifest.json | public/config/navigation.json
/math/trigonometry/unit-circle/,unit-circle,math,legacy-shared,public/calculators/math/trigonometry/unit-circle/calculator.css | public/calculators/math/trigonometry/unit-circle/explanation.html | public/calculators/math/trigonometry/unit-circle/index.html | public/calculators/math/trigonometry/unit-circle/module.js,public/assets/css/route-bundles/manifest.json | public/assets/css/route-bundles/math-trigonometry-unit-circle*.css | public/math/trigonometry/unit-circle/index.html,tests_specs/math/unit-circle_release/**,public/config/asset-manifest.json | public/config/navigation.json
/math/z-score/,z-score,math,legacy-shared,public/calculators/math/z-score/calculator.css | public/calculators/math/z-score/explanation.html | public/calculators/math/z-score/index.html | public/calculators/math/z-score/module.js,public/assets/css/route-bundles/manifest.json | public/assets/css/route-bundles/math-z-score*.css | public/math/z-score/index.html,tests_specs/math/z-score_release/**,public/config/asset-manifest.json | public/config/navigation.json
/percentage-calculators/commission-calculator/,commission-calculator,percentage-calculators,legacy-shared,public/calculators/percentage-calculators/commission-calculator/calculator.css | public/calculators/percentage-calculators/commission-calculator/explanation.html | public/calculators/percentage-calculators/commission-calculator/index.html | public/calculators/percentage-calculators/commission-calculator/module.js,public/assets/css/route-bundles/manifest.json | public/assets/css/route-bundles/percentage-calculators-commission-calculator.critical.2942ae79.css | public/assets/css/route-bundles/percentage-calculators-commission-calculator*.css | public/percentage-calculators/commission-calculator/index.html,tests_specs/percentage/commission-calculator_release/**,public/config/asset-manifest.json | public/config/navigation.json
/percentage-calculators/discount-calculator/,discount-calculator,percentage-calculators,legacy-shared,public/calculators/percentage-calculators/discount-calculator/calculator.css | public/calculators/percentage-calculators/discount-calculator/explanation.html | public/calculators/percentage-calculators/discount-calculator/index.html | public/calculators/percentage-calculators/discount-calculator/module.js,public/assets/css/route-bundles/manifest.json | public/assets/css/route-bundles/percentage-calculators-discount-calculator*.css | public/percentage-calculators/discount-calculator/index.html,tests_specs/percentage/discount-calculator_release/**,public/config/asset-manifest.json | public/config/navigation.json
/percentage-calculators/margin-calculator/,margin-calculator,percentage-calculators,legacy-shared,public/calculators/percentage-calculators/margin-calculator/calculator.css | public/calculators/percentage-calculators/margin-calculator/explanation.html | public/calculators/percentage-calculators/margin-calculator/index.html | public/calculators/percentage-calculators/margin-calculator/module.js,public/assets/css/route-bundles/manifest.json | public/assets/css/route-bundles/percentage-calculators-margin-calculator*.css | public/percentage-calculators/margin-calculator/index.html,tests_specs/percentage/margin-calculator_release/**,public/config/asset-manifest.json | public/config/navigation.json
/percentage-calculators/markup-calculator/,markup-calculator,percentage-calculators,legacy-shared,public/calculators/percentage-calculators/markup-calculator/calculator.css | public/calculators/percentage-calculators/markup-calculator/explanation.html | public/calculators/percentage-calculators/markup-calculator/index.html | public/calculators/percentage-calculators/markup-calculator/module.js,public/assets/css/route-bundles/manifest.json | public/assets/css/route-bundles/percentage-calculators-markup-calculator*.css | public/percentage-calculators/markup-calculator/index.html,tests_specs/percentage/markup-calculator_release/**,public/config/asset-manifest.json | public/config/navigation.json
/percentage-calculators/percent-change-calculator/,percent-change,percentage-calculators,legacy-shared,public/calculators/percentage-calculators/percent-change-calculator/calculator.css | public/calculators/percentage-calculators/percent-change-calculator/explanation.html | public/calculators/percentage-calculators/percent-change-calculator/index.html | public/calculators/percentage-calculators/percent-change-calculator/module.js,public/assets/css/route-bundles/manifest.json | public/assets/css/route-bundles/percentage-calculators-percent-change-calculator.critical.dcb77b84.css | public/assets/css/route-bundles/percentage-calculators-percent-change-calculator*.css | public/percentage-calculators/percent-change-calculator/index.html,tests_specs/percentage/percent-change_release/**,public/config/asset-manifest.json | public/config/navigation.json
/percentage-calculators/percent-to-fraction-decimal-calculator/,percent-to-fraction-decimal,percentage-calculators,cluster-owned:percentage,public/calculators/percentage-calculators/percent-to-fraction-decimal-calculator/calculator.css | public/calculators/percentage-calculators/percent-to-fraction-decimal-calculator/explanation.html | public/calculators/percentage-calculators/percent-to-fraction-decimal-calculator/index.html | public/calculators/percentage-calculators/percent-to-fraction-decimal-calculator/module.js,public/assets/css/route-bundles/manifest.json | public/assets/css/route-bundles/percentage-calculators-percent-to-fraction-decimal-calculator.critical.883f8e64.css | public/assets/css/route-bundles/percentage-calculators-percent-to-fraction-decimal-calculator*.css | public/percentage-calculators/percent-to-fraction-decimal-calculator/index.html,tests_specs/percentage/percent-to-fraction-decimal_release/**,clusters/percentage/config/asset-manifest.json | clusters/percentage/config/navigation.json | config/clusters/route-ownership.json | public/config/asset-manifest.json | public/config/navigation.json
/percentage-calculators/percentage-composition-calculator/,percentage-composition,percentage-calculators,legacy-shared,public/calculators/percentage-calculators/percentage-composition-calculator/calculator.css | public/calculators/percentage-calculators/percentage-composition-calculator/explanation.html | public/calculators/percentage-calculators/percentage-composition-calculator/index.html | public/calculators/percentage-calculators/percentage-composition-calculator/module.js,public/assets/css/route-bundles/manifest.json | public/assets/css/route-bundles/percentage-calculators-percentage-composition-calculator.critical.b31798a4.css | public/assets/css/route-bundles/percentage-calculators-percentage-composition-calculator*.css | public/percentage-calculators/percentage-composition-calculator/index.html,tests_specs/percentage/percentage-composition_release/**,public/config/asset-manifest.json | public/config/navigation.json
/percentage-calculators/percentage-decrease-calculator/,percentage-decrease,percentage-calculators,legacy-shared,public/calculators/percentage-calculators/percentage-decrease-calculator/calculator.css | public/calculators/percentage-calculators/percentage-decrease-calculator/explanation.html | public/calculators/percentage-calculators/percentage-decrease-calculator/index.html | public/calculators/percentage-calculators/percentage-decrease-calculator/module.js,public/assets/css/route-bundles/manifest.json | public/assets/css/route-bundles/percentage-calculators-percentage-decrease-calculator.critical.29196c39.css | public/assets/css/route-bundles/percentage-calculators-percentage-decrease-calculator*.css | public/percentage-calculators/percentage-decrease-calculator/index.html,tests_specs/percentage/percentage-decrease_release/**,public/config/asset-manifest.json | public/config/navigation.json
/percentage-calculators/percentage-difference-calculator/,percentage-difference,percentage-calculators,legacy-shared,public/calculators/percentage-calculators/percentage-difference-calculator/calculator.css | public/calculators/percentage-calculators/percentage-difference-calculator/explanation.html | public/calculators/percentage-calculators/percentage-difference-calculator/index.html | public/calculators/percentage-calculators/percentage-difference-calculator/module.js,public/assets/css/route-bundles/manifest.json | public/assets/css/route-bundles/percentage-calculators-percentage-difference-calculator.critical.5692acb1.css | public/assets/css/route-bundles/percentage-calculators-percentage-difference-calculator*.css | public/percentage-calculators/percentage-difference-calculator/index.html,tests_specs/percentage/percentage-difference_release/**,public/config/asset-manifest.json | public/config/navigation.json
/percentage-calculators/percentage-finder-calculator/,what-percent-is-x-of-y,percentage-calculators,cluster-owned:percentage,public/calculators/percentage-calculators/percentage-finder-calculator/calculator.css | public/calculators/percentage-calculators/percentage-finder-calculator/explanation.html | public/calculators/percentage-calculators/percentage-finder-calculator/index.html | public/calculators/percentage-calculators/percentage-finder-calculator/module.js,public/assets/css/route-bundles/manifest.json | public/assets/css/route-bundles/percentage-calculators-percentage-finder-calculator*.css | public/percentage-calculators/percentage-finder-calculator/index.html,tests_specs/percentage/what-percent-is-x-of-y_release/**,clusters/percentage/config/asset-manifest.json | clusters/percentage/config/navigation.json | config/clusters/route-ownership.json | public/config/asset-manifest.json | public/config/navigation.json
/percentage-calculators/percentage-increase-calculator/,percentage-increase,math,legacy-shared,public/calculators/percentage-calculators/percentage-increase-calculator/calculator.css | public/calculators/percentage-calculators/percentage-increase-calculator/explanation.html | public/calculators/percentage-calculators/percentage-increase-calculator/index.html | public/calculators/percentage-calculators/percentage-increase-calculator/module.js,public/assets/css/route-bundles/manifest.json | public/assets/css/route-bundles/percentage-calculators-percentage-increase-calculator.critical.b04681c7.css | public/assets/css/route-bundles/percentage-calculators-percentage-increase-calculator*.css | public/percentage-calculators/percentage-increase-calculator/index.html,tests_specs/math/percentage-increase_release/** | tests_specs/percentage/percentage-increase_release/**,public/config/asset-manifest.json | public/config/navigation.json
/percentage-calculators/percentage-increase-calculator/,percentage-increase,percentage-calculators,legacy-shared,public/calculators/percentage-calculators/percentage-increase-calculator/calculator.css | public/calculators/percentage-calculators/percentage-increase-calculator/explanation.html | public/calculators/percentage-calculators/percentage-increase-calculator/index.html | public/calculators/percentage-calculators/percentage-increase-calculator/module.js,public/assets/css/route-bundles/manifest.json | public/assets/css/route-bundles/percentage-calculators-percentage-increase-calculator.critical.b04681c7.css | public/assets/css/route-bundles/percentage-calculators-percentage-increase-calculator*.css | public/percentage-calculators/percentage-increase-calculator/index.html,tests_specs/math/percentage-increase_release/** | tests_specs/percentage/percentage-increase_release/**,public/config/asset-manifest.json | public/config/navigation.json
/percentage-calculators/percentage-of-a-number-calculator/,percentage-of-a-number,percentage-calculators,cluster-owned:percentage,public/calculators/percentage-calculators/percentage-of-a-number-calculator/calculator.css | public/calculators/percentage-calculators/percentage-of-a-number-calculator/explanation.html | public/calculators/percentage-calculators/percentage-of-a-number-calculator/index.html | public/calculators/percentage-calculators/percentage-of-a-number-calculator/module.js,public/assets/css/route-bundles/manifest.json | public/assets/css/route-bundles/percentage-calculators-percentage-of-a-number-calculator*.css | public/percentage-calculators/percentage-of-a-number-calculator/index.html,tests_specs/percentage/percentage-of-a-number_release/**,clusters/percentage/config/asset-manifest.json | clusters/percentage/config/navigation.json | config/clusters/route-ownership.json | public/config/asset-manifest.json | public/config/navigation.json
/percentage-calculators/reverse-percentage-calculator/,reverse-percentage,percentage-calculators,cluster-owned:percentage,public/calculators/percentage-calculators/reverse-percentage-calculator/calculator.css | public/calculators/percentage-calculators/reverse-percentage-calculator/explanation.html | public/calculators/percentage-calculators/reverse-percentage-calculator/index.html | public/calculators/percentage-calculators/reverse-percentage-calculator/module.js,public/assets/css/base.css | public/assets/css/core-tokens.css | public/assets/css/route-bundles/manifest.json | public/assets/css/route-bundles/percentage-calculators-reverse-percentage-calculator.073c3e51.css | public/assets/css/route-bundles/percentage-calculators-reverse-percentage-calculator.critical.419f89f8.css | public/assets/css/route-bundles/percentage-calculators-reverse-percentage-calculator*.css | public/assets/css/theme-premium-dark.css | public/percentage-calculators/reverse-percentage-calculator/index.html,tests_specs/percentage/reverse-percentage_release/**,clusters/percentage/config/asset-manifest.json | clusters/percentage/config/navigation.json | config/clusters/route-ownership.json | public/config/asset-manifest.json | public/config/navigation.json
/time-and-date/age-calculator/,age-calculator,time-and-date,cluster-owned:time-and-date,public/calculators/time-and-date/age-calculator/calculator.css | public/calculators/time-and-date/age-calculator/explanation.html | public/calculators/time-and-date/age-calculator/index.html | public/calculators/time-and-date/age-calculator/module.js,public/assets/css/route-bundles/manifest.json | public/assets/css/route-bundles/time-and-date-age-calculator*.css | public/time-and-date/age-calculator/index.html,tests_specs/time-and-date/age-calculator_release/**,clusters/time-and-date/config/asset-manifest.json | clusters/time-and-date/config/navigation.json | config/clusters/route-ownership.json | public/config/asset-manifest.json | public/config/navigation.json
/time-and-date/birthday-day-of-week/,birthday-day-of-week,time-and-date,cluster-owned:time-and-date,public/calculators/time-and-date/birthday-day-of-week/calculator.css | public/calculators/time-and-date/birthday-day-of-week/explanation.html | public/calculators/time-and-date/birthday-day-of-week/index.html | public/calculators/time-and-date/birthday-day-of-week/module.js,public/assets/css/route-bundles/manifest.json | public/assets/css/route-bundles/time-and-date-birthday-day-of-week*.css | public/time-and-date/birthday-day-of-week/index.html,tests_specs/time-and-date/birthday-day-of-week_release/**,clusters/time-and-date/config/asset-manifest.json | clusters/time-and-date/config/navigation.json | config/clusters/route-ownership.json | public/config/asset-manifest.json | public/config/navigation.json
/time-and-date/countdown-timer/,countdown-timer,time-and-date,cluster-owned:time-and-date,public/calculators/time-and-date/countdown-timer/calculator.css | public/calculators/time-and-date/countdown-timer/explanation.html | public/calculators/time-and-date/countdown-timer/index.html | public/calculators/time-and-date/countdown-timer/module.js,public/assets/css/route-bundles/manifest.json | public/assets/css/route-bundles/time-and-date-countdown-timer*.css | public/time-and-date/countdown-timer/index.html,tests_specs/time-and-date/countdown-timer_release/**,clusters/time-and-date/config/asset-manifest.json | clusters/time-and-date/config/navigation.json | config/clusters/route-ownership.json | public/config/asset-manifest.json | public/config/navigation.json
/time-and-date/days-until-a-date-calculator/,days-until-a-date-calculator,time-and-date,cluster-owned:time-and-date,public/calculators/time-and-date/days-until-a-date-calculator/calculator.css | public/calculators/time-and-date/days-until-a-date-calculator/explanation.html | public/calculators/time-and-date/days-until-a-date-calculator/index.html | public/calculators/time-and-date/days-until-a-date-calculator/module.js,public/assets/css/route-bundles/manifest.json | public/assets/css/route-bundles/time-and-date-days-until-a-date-calculator*.css | public/time-and-date/days-until-a-date-calculator/index.html,tests_specs/time-and-date/days-until-a-date-calculator_release/**,clusters/time-and-date/config/asset-manifest.json | clusters/time-and-date/config/navigation.json | config/clusters/route-ownership.json | public/config/asset-manifest.json | public/config/navigation.json
/time-and-date/energy-based-nap-selector/,energy-based-nap-selector,time-and-date,cluster-owned:time-and-date,public/calculators/time-and-date/energy-based-nap-selector/calculator.css | public/calculators/time-and-date/energy-based-nap-selector/explanation.html | public/calculators/time-and-date/energy-based-nap-selector/index.html | public/calculators/time-and-date/energy-based-nap-selector/module.js,public/assets/css/route-bundles/manifest.json | public/assets/css/route-bundles/time-and-date-energy-based-nap-selector.critical.ebfc1608.css | public/assets/css/route-bundles/time-and-date-energy-based-nap-selector*.css | public/time-and-date/energy-based-nap-selector/index.html,tests_specs/sleep-and-nap/energy-based-nap-selector_release/**,clusters/time-and-date/config/asset-manifest.json | clusters/time-and-date/config/navigation.json | config/clusters/route-ownership.json | public/config/asset-manifest.json | public/config/navigation.json
/time-and-date/nap-time-calculator/,nap-time-calculator,time-and-date,cluster-owned:time-and-date,public/calculators/time-and-date/nap-time-calculator/calculator.css | public/calculators/time-and-date/nap-time-calculator/explanation.html | public/calculators/time-and-date/nap-time-calculator/index.html | public/calculators/time-and-date/nap-time-calculator/module.js,public/assets/css/route-bundles/manifest.json | public/assets/css/route-bundles/time-and-date-nap-time-calculator.critical.3a49f712.css | public/assets/css/route-bundles/time-and-date-nap-time-calculator*.css | public/time-and-date/nap-time-calculator/index.html,tests_specs/sleep-and-nap/nap-time-calculator_release/**,clusters/time-and-date/config/asset-manifest.json | clusters/time-and-date/config/navigation.json | config/clusters/route-ownership.json | public/config/asset-manifest.json | public/config/navigation.json
/time-and-date/overtime-hours-calculator/,overtime-hours-calculator,time-and-date,cluster-owned:time-and-date,public/calculators/time-and-date/overtime-hours-calculator/calculator.css | public/calculators/time-and-date/overtime-hours-calculator/explanation.html | public/calculators/time-and-date/overtime-hours-calculator/index.html | public/calculators/time-and-date/overtime-hours-calculator/module.js,public/assets/css/route-bundles/manifest.json | public/assets/css/route-bundles/time-and-date-overtime-hours-calculator*.css | public/time-and-date/overtime-hours-calculator/index.html,tests_specs/time-and-date/overtime-hours-calculator_release/**,clusters/time-and-date/config/asset-manifest.json | clusters/time-and-date/config/navigation.json | config/clusters/route-ownership.json | public/config/asset-manifest.json | public/config/navigation.json
/time-and-date/power-nap-calculator/,power-nap-calculator,time-and-date,cluster-owned:time-and-date,public/calculators/time-and-date/power-nap-calculator/calculator.css | public/calculators/time-and-date/power-nap-calculator/explanation.html | public/calculators/time-and-date/power-nap-calculator/index.html | public/calculators/time-and-date/power-nap-calculator/module.js,public/assets/css/route-bundles/manifest.json | public/assets/css/route-bundles/time-and-date-power-nap-calculator.critical.24577630.css | public/assets/css/route-bundles/time-and-date-power-nap-calculator*.css | public/time-and-date/power-nap-calculator/index.html,tests_specs/sleep-and-nap/power-nap-calculator_release/**,clusters/time-and-date/config/asset-manifest.json | clusters/time-and-date/config/navigation.json | config/clusters/route-ownership.json | public/config/asset-manifest.json | public/config/navigation.json
/time-and-date/sleep-time-calculator/,sleep-time-calculator,time-and-date,cluster-owned:time-and-date,public/calculators/time-and-date/sleep-time-calculator/calculator.css | public/calculators/time-and-date/sleep-time-calculator/explanation.html | public/calculators/time-and-date/sleep-time-calculator/index.html | public/calculators/time-and-date/sleep-time-calculator/module.js,public/assets/css/route-bundles/manifest.json | public/assets/css/route-bundles/time-and-date-sleep-time-calculator.critical.1de7e02d.css | public/assets/css/route-bundles/time-and-date-sleep-time-calculator*.css | public/time-and-date/sleep-time-calculator/index.html,tests_specs/sleep-and-nap/sleep-time-calculator_release/**,clusters/time-and-date/config/asset-manifest.json | clusters/time-and-date/config/navigation.json | config/clusters/route-ownership.json | public/config/asset-manifest.json | public/config/navigation.json
/time-and-date/time-between-two-dates-calculator/,time-between-two-dates-calculator,time-and-date,cluster-owned:time-and-date,public/calculators/time-and-date/time-between-two-dates-calculator/calculator.css | public/calculators/time-and-date/time-between-two-dates-calculator/explanation.html | public/calculators/time-and-date/time-between-two-dates-calculator/index.html | public/calculators/time-and-date/time-between-two-dates-calculator/module.js,public/assets/css/route-bundles/manifest.json | public/assets/css/route-bundles/time-and-date-time-between-two-dates-calculator*.css | public/time-and-date/time-between-two-dates-calculator/index.html,tests_specs/time-and-date/time-between-two-dates-calculator_release/**,clusters/time-and-date/config/asset-manifest.json | clusters/time-and-date/config/navigation.json | config/clusters/route-ownership.json | public/config/asset-manifest.json | public/config/navigation.json
/time-and-date/wake-up-time-calculator/,wake-up-time-calculator,time-and-date,cluster-owned:time-and-date,public/calculators/time-and-date/wake-up-time-calculator/calculator.css | public/calculators/time-and-date/wake-up-time-calculator/explanation.html | public/calculators/time-and-date/wake-up-time-calculator/index.html | public/calculators/time-and-date/wake-up-time-calculator/module.js,public/assets/css/route-bundles/manifest.json | public/assets/css/route-bundles/time-and-date-wake-up-time-calculator.critical.66141a64.css | public/assets/css/route-bundles/time-and-date-wake-up-time-calculator*.css | public/time-and-date/wake-up-time-calculator/index.html,tests_specs/sleep-and-nap/wake-up-time-calculator_release/**,clusters/time-and-date/config/asset-manifest.json | clusters/time-and-date/config/navigation.json | config/clusters/route-ownership.json | public/config/asset-manifest.json | public/config/navigation.json
/time-and-date/work-hours-calculator/,work-hours-calculator,time-and-date,cluster-owned:time-and-date,public/calculators/time-and-date/work-hours-calculator/calculator.css | public/calculators/time-and-date/work-hours-calculator/explanation.html | public/calculators/time-and-date/work-hours-calculator/index.html | public/calculators/time-and-date/work-hours-calculator/module.js,public/assets/css/route-bundles/manifest.json | public/assets/css/route-bundles/time-and-date-work-hours-calculator*.css | public/time-and-date/work-hours-calculator/index.html,tests_specs/time-and-date/work-hours-calculator_release/**,clusters/time-and-date/config/asset-manifest.json | clusters/time-and-date/config/navigation.json | config/clusters/route-ownership.json | public/config/asset-manifest.json | public/config/navigation.json
